<pkgref spec="1.12" uuid="B4D427D8-2B57-4E2B-A5DA-5474D2400DEB"><config><identifier>com.github.avbin.avbin10.libavbin.10.pkg</identifier><version>10</version><description></description><post-install type="none"/><requireAuthorization/><installFrom relative="true" mod="true">dist/avbin-macosx-universal-v10/libavbin.10.dylib</installFrom><installTo mod="true">/usr/local/lib</installTo><flags><followSymbolicLinks/></flags><packageStore type="internal"></packageStore><mod>installTo</mod><mod>installFrom.path</mod><mod>installTo.isAbsoluteType</mod><mod>requireAuthorization</mod><mod>parent</mod><mod>version</mod><mod>installTo.path</mod><mod>installFrom.isRelativeType</mod><mod>installFrom.isAbsoluteType</mod></config><contents><file-list>01libavbin-contents.xml</file-list><filter>/CVS$</filter><filter>/\.svn$</filter><filter>/\.cvsignore$</filter><filter>/\.cvspass$</filter><filter>/\.DS_Store$</filter></contents></pkgref>