<pkmkdoc spec="1.12"><properties><title>AVbin 10</title><build>/Users/nathan/Desktop/AVbin10.pkg</build><organization>com.github.avbin</organization><userSees ui="easy"/><min-target os="3"/><domain system="true"/></properties><distribution><versions min-spec="1.000000"/><scripts></scripts></distribution><contents><choice title="libavbin.10" id="choice1" starts_selected="true" starts_enabled="true" starts_hidden="false"><pkgref id="com.github.avbin.avbin10.libavbin.10.pkg"/></choice></contents><resources bg-scale="none" bg-align="bottomleft"><locale lang="en"><resource mod="true" type="background">/Users/nathan/proj/avbin.github.com/avbin-logo-small.png</resource><resource mod="true" type="license">/Users/nathan/proj/avbin/COPYING.LESSER</resource><resource mod="true" type="readme">/Users/nathan/proj/avbin/README</resource></locale></resources><requirements><requirement id="sosv" operator="ge" value="'10.6.0'"><message-title>OS X Installation Outdated</message-title><message>Please update to OS X Snow Leopard (10.6) or newer.</message></requirement></requirements><flags/><item type="file">01libavbin.xml</item><mod>properties.title</mod><mod>properties.anywhereDomain</mod><mod>properties.systemDomain</mod></pkmkdoc>